USE КонфигураторСервисаПК1;
GO

--------------------------------------------------------------------------------
-- Заполнение таблицы Пользователи (10 записей)
--------------------------------------------------------------------------------
INSERT INTO Пользователи (Имя, Фамилия, Email, Телефон)
VALUES 
('Иван', 'Иванов', 'ivanov1@gmail.com', '+7 1111111111'),
('Петр', 'Петров', 'petrov2@gmail.com', '+7 2222222222'),
('Сергей', 'Сергеев', 'sergeev3@gmail.com', '+7 3333333333'),
('Алексей', 'Алексеев', 'alekseev4@gmail.com', '+7 4444444444'),
('Дмитрий', 'Дмитриев', 'dmitriev5@gmail.com', '+7 5555555555'),
('Михаил', 'Михайлов', 'mihaylov6@gmail.com', '+7 6666666666'),
('Николай', 'Николаев', 'nikolaev7@gmail.com', '+7 7777777777'),
('Владимир', 'Владимиров', 'vladimirov8@gmail.com', '+7 8888888888'),
('Андрей', 'Андреев', 'andreev9@gmail.com', '+7 9999999999'),
('Евгений', 'Евгеньев', 'evgenev10@gmail.com', '+7 1010101010');
GO

--------------------------------------------------------------------------------
-- Заполнение таблицы Процессоры (10 записей) – цены в рублях
--------------------------------------------------------------------------------
INSERT INTO Процессоры (Название, Производитель, ЧастотаGHz, КоличествоЯдер, КоличествоПотоков, Сокет, TDP, Цена)
VALUES
('Ryzen 5 3600', 'AMD', 3.6, 6, 12, 'AM4', 65, 20000.00),
('Core i5-10400', 'Intel', 2.9, 6, 12, 'LGA1200', 65, 18000.00),
('Ryzen 7 3700X', 'AMD', 3.6, 8, 16, 'AM4', 65, 30000.00),
('Core i7-10700', 'Intel', 2.9, 8, 16, 'LGA1200', 65, 35000.00),
('Ryzen 9 3900X', 'AMD', 3.8, 12, 24, 'AM4', 105, 45000.00),
('Core i9-10900', 'Intel', 2.8, 10, 20, 'LGA1200', 125, 50000.00),
('Ryzen 5 5600X', 'AMD', 3.7, 6, 12, 'AM4', 65, 25000.00),
('Core i5-11600K', 'Intel', 3.9, 6, 12, 'LGA1200', 125, 27000.00),
('Ryzen 7 5800X', 'AMD', 3.8, 8, 16, 'AM4', 105, 40000.00),
('Core i7-11700K', 'Intel', 3.6, 8, 16, 'LGA1200', 125, 42000.00);
GO

--------------------------------------------------------------------------------
-- Заполнение таблицы Видеокарты (10 записей) – цены в рублях
--------------------------------------------------------------------------------
INSERT INTO Видеокарты (Название, Производитель, ОбъемПамятиGB, ТипПамяти, Интерфейс, ЧастотаГП, TDP, Цена)
VALUES
('RTX 3060', 'NVIDIA', 12, 'GDDR6', 'PCIe 4.0', 1777, 170, 33000.00),
('RX 6600 XT', 'AMD', 8, 'GDDR6', 'PCIe 4.0', 1968, 160, 38000.00),
('RTX 3070', 'NVIDIA', 8, 'GDDR6', 'PCIe 4.0', 1730, 220, 50000.00),
('RX 6700 XT', 'AMD', 12, 'GDDR6', 'PCIe 4.0', 2581, 230, 48000.00),
('RTX 3080', 'NVIDIA', 10, 'GDDR6X', 'PCIe 4.0', 1710, 320, 70000.00),
('RX 6800', 'AMD', 16, 'GDDR6', 'PCIe 4.0', 1815, 250, 58000.00),
('RTX 3090', 'NVIDIA', 24, 'GDDR6X', 'PCIe 4.0', 1695, 350, 150000.00),
('RX 6900 XT', 'AMD', 16, 'GDDR6', 'PCIe 4.0', 2015, 300, 100000.00),
('RTX 3050', 'NVIDIA', 8, 'GDDR6', 'PCIe 4.0', 1777, 130, 25000.00),
('RX 6500 XT', 'AMD', 4, 'GDDR6', 'PCIe 4.0', 2237, 107, 20000.00);
GO

--------------------------------------------------------------------------------
-- Заполнение таблицы ОперативнаяПамять (10 записей) – цены в рублях
--------------------------------------------------------------------------------
INSERT INTO ОперативнаяПамять (ОбъемGB, Тип, ЧастотаMHz, ФормФактор, Напряжение, Цена)
VALUES
(8, 'DDR4', 3200, 'DIMM', 1.35, 4000.00),
(16, 'DDR4', 3200, 'DIMM', 1.35, 7000.00),
(8, 'DDR4', 3600, 'DIMM', 1.35, 4500.00),
(16, 'DDR4', 3600, 'DIMM', 1.35, 8000.00),
(8, 'DDR4', 3000, 'DIMM', 1.35, 3500.00),
(16, 'DDR4', 3000, 'DIMM', 1.35, 6500.00),
(8, 'DDR4', 2666, 'DIMM', 1.35, 3000.00),
(16, 'DDR4', 2666, 'DIMM', 1.35, 6000.00),
(8, 'DDR4', 3200, 'DIMM', 1.35, 4200.00),
(16, 'DDR4', 3200, 'DIMM', 1.35, 7500.00);
GO

--------------------------------------------------------------------------------
-- Заполнение таблицы МатеринскиеПлаты (10 записей) – цены в рублях
--------------------------------------------------------------------------------
INSERT INTO МатеринскиеПлаты (Название, ФормФактор, Чипсет, Сокет, Цена)
VALUES
('ASUS PRIME B550M-A', 'Micro-ATX', 'B550', 'AM4', 12000.00),
('Gigabyte B460M DS3H', 'Micro-ATX', 'B460', 'LGA1200', 10000.00),
('MSI MAG B550 TOMAHAWK', 'ATX', 'B550', 'AM4', 15000.00),
('ASUS TUF GAMING B460-PLUS', 'ATX', 'B460', 'LGA1200', 13000.00),
('Gigabyte X570 AORUS ELITE', 'ATX', 'X570', 'AM4', 20000.00),
('MSI MPG Z490 GAMING EDGE', 'ATX', 'Z490', 'LGA1200', 22000.00),
('ASUS ROG STRIX Maximus XIII Z590 Hero', 'ATX', 'LGA1200', 'AM4', 17000.00),
('Gigabyte Z590 AORUS ELITE', 'ATX', 'Z590', 'LGA1200', 24000.00),
('MSI MEG X570 UNIFY', 'ATX', 'X570', 'AM4', 25000.00),
('ASUS PRIME Z490-A', 'ATX', 'Z490', 'LGA1200', 21000.00);
GO

--------------------------------------------------------------------------------
-- Заполнение таблицы БлокиПитания (10 записей) – цены в рублях
--------------------------------------------------------------------------------
INSERT INTO БлокиПитания (Название, МощностьВт, Сертификация, Цена)
VALUES
('Corsair CX750M', 750, '80+ Bronze', 6000.00),
('Seasonic S12III', 500, '80+ Bronze', 5500.00),
('EVGA 600 BR', 600, '80+ Bronze', 6500.00),
('Cooler Master MWE 650', 650, '80+ Bronze', 7000.00),
('Corsair RM750x', 750, '80+ Gold', 11000.00),
('Seasonic PRIME 850', 850, '80+ Platinum', 15000.00),
('EVGA SuperNOVA 650 G5', 650, '80+ Gold', 9000.00),
('Cooler Master V750', 750, '80+ Gold', 9500.00),
('Corsair CX650M', 650, '80+ Bronze', 6800.00),
('Seasonic S12III 620', 620, '80+ Bronze', 5800.00);
GO

--------------------------------------------------------------------------------
-- Заполнение таблицы Накопители (10 записей) – цены в рублях
--------------------------------------------------------------------------------
INSERT INTO Накопители (Название, ОбъемGB, Тип, СкоростьЧтенияMBs, СкоростьЗаписиMBs, Интерфейс, Цена)
VALUES
('Samsung 970 EVO', 500, 'SSD', 3500, 2500, 'NVMe', 9000.00),
('WD Blue 3D', 1000, 'HDD', 150, 150, 'SATA', 5000.00),
('Crucial MX500', 500, 'SSD', 560, 510, 'SATA', 7000.00),
('Samsung 860 EVO', 1000, 'SSD', 550, 520, 'SATA', 9500.00),
('Seagate Barracuda', 2000, 'HDD', 210, 210, 'SATA', 8000.00),
('Kingston A2000', 1000, 'SSD', 2200, 2000, 'NVMe', 10000.00),
('WD Black SN750', 500, 'SSD', 3470, 3000, 'NVMe', 11000.00),
('Crucial BX500', 1000, 'SSD', 540, 500, 'SATA', 7500.00),
('Seagate FireCuda', 2000, 'HDD', 200, 200, 'SATA', 8500.00),
('Samsung 980 PRO', 1000, 'SSD', 7000, 5000, 'NVMe', 18000.00);
GO

--------------------------------------------------------------------------------
-- Заполнение таблицы Корпусы (10 записей) – цены в рублях
--------------------------------------------------------------------------------
INSERT INTO Корпусы (Название, ФормФактор, ПоддержкаБП, ПоддержкаМатеринскойПлаты, Цена)
VALUES
('NZXT H510', 'ATX', 'ATX', 'ATX', 7000.00),
('DeepCool MATTREXX 55 V3', 'ATX', 'ATX', 'ATX', 6500.00),
('Cooler Master MasterBox Q300L', 'Micro-ATX', 'Micro-ATX', 'Micro-ATX', 5000.00),
('Fractal Design Meshify C', 'ATX', 'ATX', 'ATX', 8000.00),
('Phanteks Eclipse P400A', 'ATX', 'ATX', 'ATX', 7500.00),
('Be Quiet! Pure Base 500', 'ATX', 'ATX', 'ATX', 8500.00),
('Thermaltake Versa H21', 'ATX', 'ATX', 'ATX', 5500.00),
('Cooler Master NR600', 'ATX', 'ATX', 'ATX', 6500.00),
('Corsair 275R Airflow', 'ATX', 'ATX', 'ATX', 6800.00),
('NZXT H510i', 'ATX', 'ATX', 'ATX', 9000.00);
GO

--------------------------------------------------------------------------------
-- Заполнение таблицы КулерыПроцессора (10 записей) – цены в рублях
--------------------------------------------------------------------------------
INSERT INTO КулерыПроцессора (Название, Производитель, Тип, Цена)
VALUES
('Cooler Master Hyper 212', 'Cooler Master', 'Воздушный', 3500.00),
('Noctua NH-D15', 'Noctua', 'Воздушный', 9000.00),
('be quiet! Dark Rock Pro 4', 'be quiet!', 'Воздушный', 8000.00),
('Corsair H100i', 'Corsair', 'Жидкостный', 12000.00),
('NZXT Kraken X63', 'NZXT', 'Жидкостный', 13000.00),
('Arctic Freezer 34', 'Arctic', 'Воздушный', 4000.00),
('Scythe Mugen 5', 'Scythe', 'Воздушный', 4500.00),
('Thermaltake Floe Riing', 'Thermaltake', 'Воздушный', 5500.00),
('DeepCool Castle 240 AIO', 'DeepCool', 'Жидкостный', 11500.00),
('Noctua NH-U12S', 'Noctua', 'Воздушный', 5000.00);
GO

--------------------------------------------------------------------------------
-- Заполнение таблицы КорпусныеКулеры (10 записей) – цены в рублях
--------------------------------------------------------------------------------
INSERT INTO КорпусныеКулеры (Название, Производитель, Шум_dB, Цена)
VALUES
('Corsair Air Series AF120', 'Corsair', 25, 1500.00),
('Noctua NF-P12', 'Noctua', 22, 2000.00),
('Cooler Master SickleFlow 120', 'Cooler Master', 28, 1800.00),
('be quiet! Silent Wings 3', 'be quiet!', 19, 2500.00),
('Arctic F12', 'Arctic', 26, 1400.00),
('NZXT Aer F120', 'NZXT', 27, 1700.00),
('Thermaltake Riing 12', 'Thermaltake', 23, 1900.00),
('Scythe Kaze Flex 120', 'Scythe', 24, 1600.00),
('Noctua NF-A12x25', 'Noctua', 22, 2700.00),
('Cooler Master SickleFlow 120 V2', 'Cooler Master', 28, 1850.00);
GO

--------------------------------------------------------------------------------
-- Заполнение таблицы Конфигурации (10 записей)
-- Для каждой конфигурации указываем обязательные FK: ПроцессорID, МатеринскаяПлатаID, БлокПитанияID, КорпусID, КулерПроцессораID.
--------------------------------------------------------------------------------
INSERT INTO Конфигурации (Название, Описание, Цена, ПроцессорID, МатеринскаяПлатаID, БлокПитанияID, КорпусID, КулерПроцессораID)
VALUES
('Конфигурация 1', 'Описание конфигурации 1', 100000.00, 1, 1, 1, 1, 1),
('Конфигурация 2', 'Описание конфигурации 2', 110000.00, 2, 2, 2, 2, 2),
('Конфигурация 3', 'Описание конфигурации 3', 120000.00, 3, 3, 3, 3, 3),
('Конфигурация 4', 'Описание конфигурации 4', 130000.00, 4, 4, 4, 4, 4),
('Конфигурация 5', 'Описание конфигурации 5', 140000.00, 5, 5, 5, 5, 5),
('Конфигурация 6', 'Описание конфигурации 6', 150000.00, 6, 6, 6, 6, 6),
('Конфигурация 7', 'Описание конфигурации 7', 160000.00, 7, 7, 7, 7, 7),
('Конфигурация 8', 'Описание конфигурации 8', 170000.00, 8, 8, 8, 8, 8),
('Конфигурация 9', 'Описание конфигурации 9', 180000.00, 9, 9, 9, 9, 9),
('Конфигурация 10', 'Описание конфигурации 10', 190000.00, 10, 10, 10, 10, 10);
GO

--------------------------------------------------------------------------------
-- Заполнение таблицы Конфигурация_Видеокарты (M:N)
-- Для каждой конфигурации добавим 2 видеокарты.
--------------------------------------------------------------------------------
INSERT INTO Конфигурация_Видеокарты (КонфигурацияID, ВидеокартаID)
VALUES
(1, 1),(1, 2),
(2, 2),(2, 3),
(3, 3),(3, 4),
(4, 4),(4, 5),
(5, 5),(5, 6),
(6, 6),(6, 7),
(7, 7),(7, 8),
(8, 8),(8, 9),
(9, 9),(9, 10),
(10, 10),(10, 1);
GO

--------------------------------------------------------------------------------
-- Заполнение таблицы Конфигурация_ОЗУ (M:N)
-- Для каждой конфигурации добавим 2 модуля оперативной памяти.
--------------------------------------------------------------------------------
INSERT INTO Конфигурация_ОЗУ (КонфигурацияID, ОЗУ_ID)
VALUES
(1, 1),(1, 2),
(2, 2),(2, 3),
(3, 3),(3, 4),
(4, 4),(4, 5),
(5, 5),(5, 6),
(6, 6),(6, 7),
(7, 7),(7, 8),
(8, 8),(8, 9),
(9, 9),(9, 10),
(10, 10),(10, 1);
GO

--------------------------------------------------------------------------------
-- Заполнение таблицы Конфигурация_Накопители (M:N)
-- Для каждой конфигурации добавим по 1 накопителю (опционально)
--------------------------------------------------------------------------------
INSERT INTO Конфигурация_Накопители (КонфигурацияID, НакопительID)
VALUES
(1, 1),
(2, 2),
(3, 3),
(4, 4),
(5, 5),
(6, 6),
(7, 7),
(8, 8),
(9, 9),
(10, 10);
GO

--------------------------------------------------------------------------------
-- Заполнение таблицы Конфигурация_КорпусныеКулеры (M:N)
-- Для каждой конфигурации добавим по 1 корпусному кулеру (опционально)
--------------------------------------------------------------------------------
INSERT INTO Конфигурация_КорпусныеКулеры (КонфигурацияID, КорпусныйКулерID)
VALUES
(1, 1),
(2, 2),
(3, 3),
(4, 4),
(5, 5),
(6, 6),
(7, 7),
(8, 8),
(9, 9),
(10, 10);
GO

--------------------------------------------------------------------------------
-- Заполнение таблицы Пользователь_Конфигурация (M:N)
-- Свяжем каждую конфигурацию с 2 пользователями (например, конфигурация i связывается с пользователями i и ((i mod 10)+1))
--------------------------------------------------------------------------------
INSERT INTO Пользователь_Конфигурация (ПользовательID, КонфигурацияID)
VALUES
(1, 1),(2, 1),
(2, 2),(3, 2),
(3, 3),(4, 3),
(4, 4),(5, 4),
(5, 5),(6, 5),
(6, 6),(7, 6),
(7, 7),(8, 7),
(8, 8),(9, 8),
(9, 9),(10, 9),
(10, 10),(1, 10);
GO
